536.8,564.55,273,1578.3
543.84,570.37,289,1677.8
544,570.26,290,1814.2
543.93,570.25,291,1685.1
543.77,570.49,295,1794.7
543.99,570.24,296,1679.2
543.76,570.33,297,1794.5
543.71,570.21,298,1728.2
543.76,570.26,299,1546.2
543.9,570.23,300,1594.4
543.94,570.24,302,1376.3
544.02,570.45,311,1495.7
543.95,570.46,312,1420.2
544.03,570.47,317,1329.6
544.08,570.39,319,1477.2
544.15,570.39,323,1491.9
543.94,570.55,325,1321.9
527.92,563.35,330,982.37
543.91,570.56,330,1045
543.97,570.24,332,1329.9
544.01,570.44,333,1452
543.99,570.37,334,1481.3
543.84,570.11,335,1187.4
544.02,570.28,336,1446.9
543.92,570.34,337,1418.3
544.14,570.28,338,1546.4
543.96,570.5,339,1410.1
544.26,570.28,341,1429.1
544.06,570.15,342,1423.7
543.86,570.25,345,1423.7
543.8,570.26,347,1346.7
544.01,570.18,348,1414.6
544.68,570.07,351,2210.2
544.85,570.02,352,2819.5
544.6,570.19,353,1963.3
544.86,570.04,354,3268.1
544.98,570.18,355,2336.2
544.95,570.23,356,1867.4
545.09,569.93,357,1851.2
545.25,570.26,358,1395.4
544.95,570.19,359,1324
544.7,570.58,360,1039.3
544.92,570.06,361,915.04
545.13,570.04,362,1622.6
545.01,570.1,363,1339.3
544.97,570.17,364,1392
536.84,567.98,368,1150.9
545.04,570.23,368,1345.5
544.97,570.13,369,1219.9
526.55,565.44,371,886.18
545.04,570.01,371,1504.7
526.62,565.52,372,942.32
544.91,570.15,372,1437.1
526.58,565.54,373,1022.1
544.91,570.09,373,1551.5
544.85,570.16,374,1437.3
545.03,570.09,375,1404.5
545.02,570.06,376,1285.1
544.87,570.1,377,1153.3
544.87,570.08,381,1385
545.05,570.29,382,1228.7
545.01,570.2,384,1147.4
544.61,570.53,385,1245.8
539.02,568.16,390,868.46
530.4,563.27,417,808.69
530.1,563.3,419,928.99
528.93,562.65,444,606.21
552.84,576.02,448,1001.9
537.46,567.54,454,939.31
537.34,567.58,455,1098.6
537.42,567.72,456,1029.9
537.25,567.63,457,1105.1
537.32,567.75,458,1163.1
537.38,567.76,459,1093.5
537.22,567.69,460,1001.5
537.43,567.57,462,1391.9
537.73,567.57,463,1099.6
537.41,567.53,464,1276.6
536.94,567.52,465,892.91
547.31,581.61,465,631.95
536.51,568.05,466,833.65
529.69,565.61,467,857.26
536.64,567.99,467,949.67
547.28,581.71,467,833.33
529.9,565.89,468,842.38
536.68,567.92,468,1032.5
529.9,565.23,469,973.15
536.37,568.05,469,580.77
547.21,581.62,469,802.43
536.17,567.95,470,749.78
526.49,563.09,473,1333.8
526.82,563.07,474,997.68
526.86,562.97,476,864.46
526.81,563.23,477,1130.8
551.44,580.88,477,549.66
527.45,563.37,478,688.61
527.04,563.19,479,855.05
535.8,568.58,479,930.87
536.06,568.81,480,1183.3
526.9,562.99,481,706.74
536.06,568.8,481,849.79
526.98,563.08,482,850.41
535.88,568.69,482,967.62
527.46,563.17,483,957.74
536.02,568.78,483,1005.3
535.92,568.6,484,911.03
535.68,568.28,485,683.33
536.11,568.61,486,519.72
535.99,568.73,487,789.45
536.17,568.7,488,1201.7
536.07,568.57,489,1105.7
536.15,568.4,490,1029.9
536.3,568.37,491,692.75
536.07,568.89,492,745.47
536.22,568.36,493,1112.3
536.19,568.52,494,825.89
535.96,568.51,495,789.51
540.44,574.13,495,659.32
536.16,567.57,496,522.8
540.2,573.91,496,554.23
550.82,575.56,496,531.42
536.25,568.77,497,750.94
536.17,568.81,498,912.46
535.95,568.63,499,1000.5
535.91,568.53,500,785.06
536.27,568.66,502,733.23
529.68,563.04,503,741.12
536.17,568.53,503,1267.8
547.74,580.66,503,604.69
536.02,568.61,504,966.05
548.62,580.68,504,659.31
536.12,568.38,506,992.52
548.37,580.75,506,652.78
536.32,567.74,507,661.28
535.65,568.31,508,577.87
535.63,568.77,509,1078.5
536,568.43,511,1066
535.78,568.22,512,657.81
548.2,580.54,512,678.39
535.92,567.98,513,592.63
536.43,568.35,514,769.87
529.51,562.79,515,510.42
535.99,568.48,515,950.96
536.1,568.77,516,1078
546.8,577.93,516,527.05
535.98,568.71,517,924.55
535.92,568.37,518,827.99
536.13,568.41,519,854.89
547.69,580.51,519,571.61
548.23,580.54,521,570.68
529.69,563.24,525,584.34
529.1,563.09,526,583.09
547.49,580.39,528,554.44
551.66,576.46,531,551.4
552.69,575.97,532,696.72
528.37,562.57,534,1152.5
528.64,562.54,535,1023.7
548.37,580.35,535,507.4
547.58,579.85,536,730.49
528.97,563.12,540,575.3
552.53,575.77,541,640.13
550.42,582.16,546,734.64
550.3,582.55,547,928.58
550.61,582.72,548,938.93
550.65,582.44,549,760.56
529.04,562.94,550,558.88
550.88,581.84,550,775.67
550.61,582.53,551,1092.2
550.47,582.27,553,816.13
550.88,582.55,554,957.26
550.71,582.1,557,818.66
550.48,582.55,558,1116.9
550.69,575.52,559,608.3
550.96,582.21,559,845.19
550.66,582.39,560,858.17
550.55,582.52,561,922.68
550.9,580.97,569,518.22
529.45,562.99,570,554.33
529.08,563.11,571,534.58
529.55,562.89,574,582.78
529.62,563.25,577,553.39
550.92,582.41,581,747.84
551.96,580.77,584,534.21
529.88,562.97,588,534.62
529.3,562.47,589,583.57
529.38,562.81,593,563.72
545.74,577.99,596,574.93
545.48,578.19,597,1048.1
545.47,578.1,598,898.38
545.67,578.06,600,862.44
529.18,562.67,602,529.25
544.57,577.92,603,1044.9
544.87,577.94,604,989.58
529.36,562.58,605,628.47
544.84,578.02,605,879.04
544.65,577.96,606,942.42
545.04,578.06,607,961.43
544.63,577.23,608,610.85
544.92,577.91,609,1037.6
544.73,578.05,610,765.65
529.76,562.67,611,585.95
545.03,578.12,611,1149.8
549.72,580.72,611,500.47
544.86,578.05,612,938.83
544.93,578.08,613,1331.1
545.41,577.97,614,897.52
529.77,562.99,615,525.11
545.64,577.87,615,740.5
545.75,577.82,616,541.03
545.19,578.69,617,866.6
529.25,562.75,621,705.72
546.91,578.12,624,799.22
529.36,563.09,625,544.86
546.88,578.15,625,598.51
529.33,562.56,626,582.97
546.69,578.34,626,894.44
529.97,563.13,627,662.61
546.66,578.33,627,612.51
546.53,578.08,628,663.16
546.89,578.38,629,795.81
547.53,577.39,630,573.96
529.62,562.55,631,608.16
547.08,577.77,631,734.34
547.04,577.92,632,674.64
529.71,562.98,633,605.6
547.66,577.78,633,603.79
529.14,562.74,634,581.07
547.11,577.97,634,802.69
546.83,578.25,635,773.1
547,578.08,636,635.21
546.71,578.46,637,797.92
546.51,578.61,638,695.13
529.27,563.03,639,513.6
529.53,562.43,642,522.98
529.11,562.38,644,559.99
551.74,579.07,644,895.34
552.03,579.23,645,1002.7
551.97,579.15,646,827.81
551.76,579.33,647,1053.5
551.81,579.28,648,963.58
551.95,579.16,649,1112.3
551.83,579.26,650,978.05
551.85,579.19,651,1043.2
529.63,562.43,652,507.8
551.83,579.04,652,1002.3
551.74,579.37,653,623.47
551.73,579.4,654,769.16
528.79,562.58,656,507.11
529.21,562.48,658,635.64
529.07,563.34,665,519.46
546.09,570.33,678,995.23
550.84,581.93,678,776.83
528.94,562.35,679,514.01
546.09,570.34,679,1030.6
550.85,582.27,679,721.14
536.33,567.25,680,570.26
546.16,570.35,680,1021.2
536.61,567.19,681,697.33
545.93,570.75,681,586.76
545.82,570.5,682,714.06
545.53,570.76,683,567.43
546.07,570.21,684,1040.6
546.24,570.27,685,925.74
546.04,570.12,686,1197.5
546.22,570.34,687,1029.6
546.34,570.07,688,1122.5
529.73,561.88,689,509.03
546.37,570.14,689,1209
546.02,570.21,690,1007.7
546.11,570.16,691,1204
546.37,570.15,692,1328.3
546.15,570.02,693,1180.9
545.94,570.12,694,1117.1
546.25,570.03,695,1261.7
545.92,570.53,696,720.47
529.42,562.27,702,545.32
529,561.87,704,586.36
551.06,576.09,704,636.67
551.48,575.76,705,648.29
551.55,575.97,706,658.75
551.14,575.97,707,607.81
551.46,575.46,711,539.03
552.71,581.22,732,609.4
552.42,581.61,733,518.37
543.99,571.28,739,898.94
550.64,581.94,766,584.21
550.65,581.61,768,605.13
550.64,582.43,769,719.92
548.5,581.97,779,551.86
543.71,571.08,784,673.3
548.71,575.82,788,543.54
549.1,575.58,789,515.24
548.91,575.52,790,560.56
549.4,575.25,793,520.23
548.93,575.66,797,580.77
551.4,579.67,815,631.25
545.7,570.22,831,658.59
544.28,569.59,835,607.62
530.06,562.91,847,791.25
530.23,562.84,848,1318.4
530.23,562.95,849,1476
530.38,562.8,850,938.02
530.38,563.01,851,1388.7
530.37,562.85,852,1251.5
530.2,562.95,853,1034.8
530.25,562.87,854,1327.3
530.47,562.73,855,1453.8
530.16,562.75,856,1243.5
530.2,562.98,857,1444.3
530.14,562.92,858,948.84
530.19,562.92,859,1200.3
530.48,562.77,860,1323.8
530.35,562.84,861,1439.9
530.56,562.93,862,1266.7
530.11,562.81,863,1227.2
530.24,562.86,864,1222
530.34,562.8,865,1205.3
530.24,562.72,866,1283.2
530.43,562.88,867,1309.5
530.16,562.92,868,1170.2
530.28,562.84,869,1500.8
530.39,562.93,870,1393.9
530.05,562.95,871,1409.3
529.71,563.52,872,1526.3
529.6,563.81,873,1459.9
550.39,579.21,873,590.13
529.89,563.53,874,1548.4
549.8,579.48,874,1126.8
530.04,563.11,875,1041.6
549.76,579.58,875,1311.2
530.39,562.65,876,1146.9
549.56,579.34,876,1372.6
530.49,562.87,877,1182.1
549.69,579.48,877,1153
530.46,562.64,878,1148.8
549.92,579.36,878,1400.4
530.47,562.68,879,1195.9
550.08,579.2,879,1123
530.2,562.46,880,1074.3
550.09,578.87,880,813.88
530.24,562.96,881,1048.1
536.9,566.94,881,604.94
549.95,579.32,881,952.7
530.35,562.82,882,1170.6
537.03,566.6,882,699.55
549.82,579.29,882,1340.5
530.61,562.54,883,931.62
537.1,566.79,883,1242.5
549.95,579.47,883,1007.3
530.41,562.75,884,1158.6
537.11,567.19,884,964.45
549.78,579.31,884,1417.6
530.55,562.9,885,1322.1
549.87,579.18,885,1219.1
530.07,562.86,886,1055.8
550.36,579.2,886,875.08
530.08,562.57,887,1629.1
549.94,579.18,887,807.78
529.35,562.28,888,952.52
545.64,571.7,888,821.69
550.56,579.43,888,615.37
529.54,562.26,889,1406.4
545.47,571.69,889,850.54
529.49,562.11,890,1446.4
545.37,571.87,890,735.17
529.46,562.11,891,1139.7
545.27,571.93,891,721.72
529.29,562.03,892,1132.4
545.23,571.96,892,754.66
529.28,562.25,893,1298.4
545.03,571.66,893,726.82
529.52,562.09,894,1155.3
545.48,571.75,894,780.46
529.37,562.05,895,1141.4
545.34,571.96,895,785.2
529.36,562.16,896,1129.7
543.15,570.02,896,686.82
529.02,561.88,897,915.36
542.72,570,897,528.28
529.52,562.16,898,1326.4
529.61,562.09,899,1063.6
529.7,562.3,900,949.85
529.71,562,901,1095.9
529.45,562.05,902,1105.1
529.59,562.04,903,1297.3
529.36,562.09,904,1122.4
529.48,562.03,905,920.23
529.76,561.98,906,1310.2
529.81,561.95,907,1181.8
529.25,561.98,908,1337.2
529.21,562,909,1273.7
529.4,562.19,910,1274.4
545.22,577.98,910,583.13
529.49,561.97,911,1001
529.37,562.11,912,1182.3
529.2,562.03,913,1223.2
529.46,562.06,914,1182.7
529.39,561.79,915,1028.2
529.23,561.96,916,1078.6
529.45,561.72,917,1218.3
529.47,562.01,918,1276.3
529.78,561.83,919,1198.4
529.74,562.01,920,1195.2
529.85,561.94,921,1068.8
529.55,561.92,922,1169.9
552.47,579.91,922,512.63
529.77,562.04,923,971.74
529.48,562,924,854.24
552.01,579.87,924,550.92
529.33,562.1,925,1222.3
529.07,562.33,926,1080.3
552.28,579.32,926,516.13
529.35,562.01,927,1041.4
529.36,562.05,928,813.19
552.43,579.6,928,579.03
528.99,561.85,929,757.18
552.47,579.53,929,591.2
528.5,561.87,930,694.45
531.66,566.54,930,567.57
552.55,579.59,930,772.74
552.38,579.9,931,535.38
531.91,566.83,932,579.36
552.68,579.62,932,614.5
531.71,567.02,933,543.84
552.78,579.76,933,566.05
552.49,579.93,934,527.89
528.75,561.89,935,515.12
552.66,579.64,935,668.61
552.6,579.72,936,701.52
552.71,579.76,937,664.67
533.97,566.39,938,523.24
552.52,579.79,938,698.53
534.77,566.12,939,594
552.59,579.93,939,551.8
535.35,566.79,940,572.96
528.9,561.35,941,604.95
528.49,561.78,945,552.14
551.23,581.69,945,661.57
528.61,561.88,946,699.63
528.55,562.28,947,513.4
551.75,581.65,951,650.77
551.35,582.08,953,768.75
551.55,581.74,954,806.24
551.43,582.04,955,705.09
551.49,581.8,956,653.98
529.15,562.18,957,506.49
551.47,582.13,957,679.64
539.78,568.94,959,675.12
529.51,562.86,960,561.63
539.75,568.99,960,738.28
551.36,581.02,960,679.89
529.26,562.58,961,546.12
539.92,568.7,961,670.46
551.52,581.55,961,932.23
529.24,563.63,962,560.25
539.85,568.93,962,634.65
551.56,581.84,962,865.79
528.94,562.81,963,534.15
551.4,582.4,963,765.21
528.88,562.76,964,551.95
539.54,569.03,964,526.28
551.35,581.94,964,620.69
529.19,562.32,965,580.76
539.94,568.94,965,657.38
547.05,576.07,965,549.59
551.39,581.95,965,571.97
529.8,561.64,966,618.79
539.12,568.53,966,618.38
547.14,576.62,966,739.45
547.1,576.11,967,779.8
550.95,580.89,967,643.61
530.16,561.44,968,987.56
547.02,576.27,968,769.02
529.12,561.85,969,518.56
529.01,562.67,971,513.37
529.07,562.11,975,572.2
529.05,562.32,976,537.37
549.61,581.13,976,1342.8
529.27,561.84,977,615.62
550.68,580.68,977,751.88
529.07,562.36,978,555.02
549.76,581.02,978,1452
550.29,580.71,979,1075.7
550.16,580.89,980,1117.9
528.8,562.5,981,638.81
549.86,580.93,981,1199.6
550.29,580.72,982,755.75
531.7,567.04,983,578.19
551.59,580.52,983,512.05
528.44,562.8,984,579.03
531.61,567.11,984,635.63
528.9,562.47,985,545.17
529.47,563.48,987,1124.3
529.3,563.98,988,1315.6
529.36,563.46,989,994.98
529.42,563.37,990,950.73
529.1,562.99,991,836.61
528.98,562.98,992,686.57
528.79,561.44,993,724.59
528.72,561.87,994,650.32
528.69,561.97,997,519.57
529.04,561.6,998,544.2
528.95,561.65,999,561.36
545.82,570.51,999,659.38
528.24,561.71,1000,689.97
545.55,570.64,1000,560.9
545.62,571.43,1001,891.01
528.72,561.55,1002,561.19
545.78,571.26,1002,867.06
528.46,561.82,1003,672.51
540.14,568.89,1003,508.53
545.28,571.65,1003,768.57
552.5,574.3,1003,543.13
528.82,561.74,1004,508.27
539.24,568.59,1004,617.65
528.96,561.57,1005,739.92
539.97,568.86,1005,688.59
528.46,561.55,1006,600.2
550.38,581.47,1006,619.55
550.69,581.34,1007,597.16
544.92,570.39,1009,681.33
529.48,561.23,1010,648.14
545.05,569.84,1010,793.64
529.05,561.87,1011,570.45
545.43,569.33,1011,893.35
528.41,562.44,1012,622.74
544.61,570.04,1012,762.61
544.97,569.85,1013,970.43
551.69,579.67,1014,512.06
528.56,562.07,1015,528.14
528.79,561.96,1019,691.35
552.54,575.02,1019,604.94
550.73,581.25,1019,642.17
550.12,581.61,1020,897.42
528.88,561.52,1021,537.54
552.58,575.12,1021,506.24
550.2,581.58,1021,831.12
529,561.37,1022,621.3
529.13,561.45,1024,685.84
552.67,579.62,1024,553.59
528.83,561.72,1025,566.13
552.65,579.86,1025,553.47
552.59,579.37,1026,643.93
529.43,561.8,1027,587.88
528.76,561.7,1028,651.66
529.01,561.75,1029,557.77
551.45,580.51,1029,584.6
528.79,561.6,1030,547.58
552.3,579.94,1030,669.63
528.95,561.96,1031,567.07
552.6,579.67,1031,697.67
529.08,562.11,1032,646.2
552.63,580.18,1032,760.67
528.22,562.04,1033,766.58
552.76,579.85,1033,663.63
529.23,561.36,1034,701.02
528.64,561.59,1035,556.89
551.62,580.94,1035,849.1
528.93,561.51,1036,582.6
552.63,575.31,1036,599.2
552.25,580.31,1036,751.16
528.35,562.06,1037,725.19
536.51,563.78,1037,517.7
552.92,580,1037,776.7
528.41,562.11,1038,632.65
536.47,563.41,1038,501.67
552.47,580.03,1038,597.9
552.51,579.72,1039,593.94
528.86,561.91,1040,535.95
550.74,575.41,1040,576.14
552.85,580.13,1040,653.68
550.85,574.99,1041,725.85
553.19,579.72,1041,663.51
552.53,580.05,1042,781.53
552.55,579.87,1043,631.86
529.17,561.68,1044,542.23
545.56,571.19,1044,646.53
552.52,579.84,1044,617.27
528.72,561.7,1045,621.02
552.41,580.18,1045,643.13
552.5,579.78,1046,701.47
528.87,561.71,1047,553.42
552.66,579.86,1047,714.43
529.08,561.83,1048,521.76
552.8,579.81,1048,780.23
528.94,561.89,1049,647.21
528.61,561.72,1050,501.33
528.48,561.9,1053,671.25
528.3,562.21,1054,635.95
528.92,561.49,1055,806.3
529.05,561.64,1057,532.93
529.41,561.74,1058,519.57
529.46,562.18,1059,634.25
529.48,561.74,1060,565.49
528.4,561.55,1061,629.9
528.52,561.55,1062,675.34
528.69,561.48,1063,819.13
528.87,561.33,1064,1144.4
536.49,567.78,1064,519.5
528.9,561.32,1065,899.79
536.44,566.78,1065,828.73
528.93,561.52,1066,788.87
536.76,566.38,1066,703.57
528.81,561.07,1067,897.56
536.54,566.42,1067,863.97
536.57,566.73,1068,864.56
529.1,561.89,1069,515.15
536.39,566.34,1069,890.56
529.22,561.5,1070,659.3
536.05,567.41,1070,572.19
540.03,572.09,1071,557.29
536.86,567.24,1072,572.14
551.53,580.28,1074,521.15
529.19,561.7,1075,581.69
528.57,561.89,1077,551.08
528.39,561.71,1082,580.02
542.68,569.33,1082,739.56
528.92,561.9,1085,534.69
528.59,561.9,1086,541.77
540.5,566.47,1086,1207.8
540.5,566.87,1087,953.52
540.51,566.66,1088,1052
540.08,566.87,1089,816.81
528.95,561.64,1090,563.47
542.56,569.41,1090,704.96
542.89,569.75,1091,563.55
529.07,561.73,1092,566.1
543.13,575.63,1092,766.08
529.39,561.69,1094,561.94
529.54,561.24,1095,841.45
542.77,569.57,1095,551.58
529,561.42,1096,793.86
551.86,579.76,1096,527.87
529.13,561.41,1097,889.66
552.6,579.44,1097,669.61
529.35,562.4,1099,619.07
542.39,569.3,1099,611.49
551.6,580.17,1099,563.17
529.01,561.84,1100,656.17
542,569.19,1100,518.54
551.74,580.28,1100,500.47
542.68,569.3,1101,616.13
529.25,561.42,1102,700.89
529.21,561.17,1103,854.25
552.57,574.37,1103,534.49
529.3,561.25,1104,887.63
529.3,561.52,1105,596.99
542.55,569.13,1105,531.17
529.31,561.46,1106,941.88
542.02,569.18,1106,506.39
528.69,561.58,1107,512.6
542.55,569.41,1107,751.69
529.13,561.48,1108,822.14
528.81,561.73,1109,637.81
552.45,579.44,1110,989.45
529.13,561.24,1111,700.28
543.15,569.35,1111,604.61
552.91,579.23,1111,1071.3
528.97,561.56,1112,702
537.34,566.57,1112,566.6
552.58,579.29,1112,642.4
528.85,561.67,1113,678.61
552.51,579.44,1113,889.65
542.57,569.8,1114,581.77
552.53,579.45,1114,857.39
529,561.7,1115,744.16
529.44,561.71,1116,684.05
529.57,561.83,1117,662.57
551.11,574.09,1117,533.48
529.37,561.81,1118,627
529.79,561.46,1119,801.35
550.99,574.02,1119,515.34
529.44,562.01,1120,787.62
533.94,564.95,1120,514.44
529.27,561.89,1121,550.27
535.18,567.39,1121,592.13
550.81,574.25,1121,636.28
529.6,561.42,1122,856.07
535.6,567.47,1122,744.26
551.5,574.18,1122,614
529.54,561.65,1123,537.9
533.84,564.65,1123,508.13
529.1,561.52,1125,559.41
533.68,564.31,1125,594.45
540.4,567.37,1125,601.48
529.85,561.53,1126,571.92
534.02,564.66,1126,568.94
540.72,567.5,1126,752.66
551.59,574,1126,656.79
529.3,561.75,1127,777.35
534.15,564.93,1127,536.03
540.12,567.44,1127,543.12
529.88,561.87,1128,528.88
533.84,564.9,1128,714.03
529.4,561.55,1129,634.86
534,564.77,1129,520.47
547.45,579.66,1129,1458.2
529.9,561.62,1130,553.21
547.42,579.71,1130,1217.5
529.56,562.12,1131,548.27
533.68,564.6,1131,502.36
547.56,579.59,1131,1883.1
529.25,561.6,1132,682.44
547.44,579.92,1132,1231.5
546.91,580.07,1133,1579.1
529.41,561.56,1134,722.85
547.55,579.53,1134,1283.6
529.26,561.79,1135,722.45
547.14,579.86,1135,1546.4
547.31,579.8,1136,1163.1
529.4,561.55,1137,719.87
547.56,579.63,1137,1237.6
528.86,561.77,1138,658.38
534.07,564.95,1138,591.72
544.76,577.26,1138,673.13
547.07,579.53,1138,1125.4
529.32,561.41,1139,964.82
547.02,579.25,1139,1010.2
546.79,578.88,1140,784.03
529.13,561.49,1141,771.09
547.3,579.56,1141,1170.8
529.27,561.45,1142,764.41
547.25,579.39,1142,597.28
528.96,561.46,1143,809.2
535.86,568.12,1143,641.8
547.45,579.53,1143,1115.3
529.09,561.42,1144,621.81
547.54,579.61,1144,982.26
529.1,561.48,1145,744.88
547.53,579.7,1145,1181
529.16,561.36,1146,703.95
547.64,580.06,1146,735.06
528.98,561.44,1147,849.93
535.51,562.5,1147,803.34
547.63,580.16,1147,1113.7
528.99,561.6,1148,646.52
535.5,562.6,1148,504.63
548.14,580.64,1148,519.65
535.37,562.47,1149,795.45
549.69,581.46,1149,561.83
529.25,561.3,1150,755.61
535.5,562.25,1150,991.44
536.55,566.93,1150,511.42
547.42,579.9,1150,1230.6
529.38,561.22,1151,912.55
535.44,562.36,1151,615.04
536.82,567.47,1151,702.22
547.72,579.82,1151,1170.1
529.31,561.34,1152,835
536.6,567.19,1152,549.11
547.91,579.93,1152,1267.3
529.06,561.21,1153,863
535.48,562.45,1153,609.53
547.51,580.05,1153,1132.1
529.41,561.56,1154,658.11
533.65,564.81,1154,761.91
547.91,580.15,1154,1257.8
529.21,561.4,1155,890.04
534.98,562.59,1155,512.44
535.5,566.84,1155,503.24
548.1,580.43,1155,1527.3
547.31,579.79,1156,1232
529.78,561.36,1157,897.38
547.44,579.87,1157,1201.1
529.62,561.3,1158,828.92
543.56,572.69,1158,681.1
552.21,574.41,1158,570.99
547.29,579.65,1158,923.98
529.23,561.54,1159,791.29
534,564.82,1159,678.56
543.29,572.49,1159,660.77
552.58,574.54,1159,775.3
547.21,579.46,1159,885.39
533.87,564.9,1160,577.54
543.46,572.53,1160,605.23
552.33,574.42,1160,693.6
547.29,579.8,1160,1347.7
529.57,561.48,1161,800.38
534.08,564.68,1161,665.27
552.05,574.84,1161,540
547.12,579.97,1161,1960.9
529.49,561.21,1162,739.99
552.46,574.53,1162,579.61
547.41,579.66,1162,1226
529.75,561.57,1163,623.84
547.28,579.78,1163,1174.2
529.52,561.28,1164,748.27
534.63,562.93,1164,694.33
547.35,579.83,1164,1246.5
529.47,561.42,1165,841.24
547.09,580.08,1165,1654.8
529.14,561.33,1166,814.52
534.61,562.95,1166,650.83
547.39,579.77,1166,1350.9
528.84,561.32,1167,621.7
535.39,562.59,1167,554.83
546.99,579.95,1167,1464.5
529.36,561.36,1168,703.11
533.93,564.1,1168,711.49
547.63,579.52,1168,1446.9
529.43,561.45,1169,728.93
533.74,564.25,1169,785.77
547.6,579.43,1169,1152.5
529.42,561.59,1170,514.11
533.51,564.82,1170,811.69
547.66,579.38,1170,1106.3
533.19,566,1171,878.32
547.54,579.47,1171,1174
529.52,561.26,1172,645
533.03,565.43,1172,801.15
552.64,578.03,1172,705
548.24,579.25,1172,575.08
529.52,561.46,1173,702.64
533.13,566,1173,739.4
529.71,561.2,1174,806.31
532.99,565.45,1174,514.09
529.24,561.49,1175,727.65
532.93,565.75,1175,583.23
551.04,575.21,1175,897.83
529.8,561.42,1176,708.72
533.03,565.72,1176,1163.2
551.38,575.87,1176,663.67
529.14,561.06,1177,662.21
533,565.03,1177,622.01
550.92,575.15,1177,762.55
529.34,561.62,1178,699.44
532.77,564.75,1178,735.33
551.75,575.28,1178,581.99
551.69,580.38,1178,859.87
529.2,561.39,1179,850.44
551.53,580.14,1179,679.41
529.09,561.16,1180,716.61
551.72,579.77,1180,866.92
529.37,561.31,1181,676.58
532.99,564.84,1181,828.69
529.37,561.37,1182,778.8
533.62,564.87,1182,653.2
529.52,560.96,1183,802.37
529.42,561.35,1184,784.13
533.24,565.37,1184,532.04
529.18,561.31,1186,870.41
533.05,565.06,1186,711.92
529.29,561.4,1187,730.76
529.23,561.34,1188,785.52
533.13,565.16,1188,652.78
528.54,561.37,1189,622.26
532.98,565.03,1189,588.09
533.61,564.53,1191,605.63
533.21,565,1193,610.51
533.3,565.02,1195,681.27
528.56,561.47,1196,522.42
532.78,564.66,1196,531.06
533.74,565.15,1197,506.03
529.11,561.2,1202,587.47
529.45,561.52,1204,522.22
533.7,565.48,1204,500.78
529.01,561.53,1205,680.96
528.97,561.7,1207,645.95
529.45,561.4,1208,692.57
528.94,561.56,1211,604.94
529.83,561.65,1212,768.51
529.8,562.01,1213,808.78
526.97,561.95,1214,880.31
526.9,562.08,1215,950.24
526.9,561.93,1216,849.11
527.14,561.95,1217,1011.2
526.94,562.03,1218,1038.5
527.49,561.93,1219,1003.4
537.02,562.82,1219,872.16
551.18,580.44,1219,521.25
526.86,562.05,1220,1116.7
537.07,562.91,1220,890.36
526.73,562.24,1221,972.89
536.96,562.99,1221,1162.7
526.91,562.07,1222,932.58
536.91,563.06,1222,1025.9
538.52,569.89,1222,601.35
528.56,561.58,1223,647.58
537,562.74,1223,896.17
536.87,563.06,1224,897.23
540.62,565.71,1224,587.5
529.28,561.29,1225,680.11
537.23,563.24,1225,907.41
529.23,561.28,1226,628.28
539.17,564.52,1226,954.31
529.08,561.48,1227,665.07
538.54,564.17,1227,1349.7
528.98,561.45,1228,832.93
538.83,564.47,1228,1352.7
528.71,561.51,1229,577.49
538.43,564.23,1229,1089.8
546.06,574.88,1229,530.25
528.75,561.42,1230,686.07
538.5,564.12,1230,1287.4
529.2,561.22,1231,781.57
538.9,564.53,1231,1244.2
529.34,561.37,1232,768.63
538.78,564.51,1232,1224.4
529.31,561.62,1233,593.61
538.73,564.21,1233,1317.4
545.64,574.78,1233,582.67
538.95,564.96,1234,1335.2
538.94,564.63,1235,1280.7
528.46,561.84,1236,619.18
538.76,564.41,1236,1392.3
537.61,563.67,1237,891.91
538.61,564.35,1237,1148.1
534.59,562.48,1238,672.23
539.1,564.66,1238,1449.9
529.08,561.53,1239,596.1
538.6,564.52,1239,1207
529.12,561.16,1241,524.66
538.82,564.47,1241,1214.5
528.56,561.7,1242,558.8
539.04,564.67,1242,1172.3
529.04,561.62,1244,518.33
538.72,564.28,1244,1248.3
543.73,568.45,1244,733.23
538.49,563.91,1245,953.21
543.84,568.27,1245,771.87
528.16,561.98,1246,587.61
538.36,563.79,1246,1276.9
544.46,568.36,1246,607.81
538.32,564.14,1247,1179.6
544.47,568.77,1247,835.89
538.04,563.69,1248,1195
544.39,568.81,1248,678.46
528.48,562.02,1249,529.27
538.2,563.49,1249,1565.6
544.23,568.72,1249,982.43
528.26,561.94,1250,614.19
537.75,563.35,1250,1475.2
544.69,568.61,1250,1311.8
537.99,563.86,1251,1103.4
544.31,568.68,1251,1433.1
537.89,563.09,1252,1243.2
544.67,568.62,1252,1429
537.89,563.41,1253,1577.6
537.85,563.26,1254,1526.9
537.99,563.65,1255,1294.9
528.39,561.33,1256,556.26
538.05,563.62,1256,1329.9
551.75,579.87,1256,536.73
537.52,563.33,1257,1445
538.01,563.44,1258,1461.2
528.13,561.57,1259,633.99
538.56,564.34,1259,1168.9
542.93,574.93,1259,587.63
537.84,563.9,1260,1128.4
527.97,561.99,1261,582.32
539.16,565.08,1261,1130.3
528.44,562.2,1262,580.23
539.27,565.43,1262,1287.6
528.3,561.55,1263,601.27
539.35,565.39,1263,1368.2
542.97,575.14,1263,544.44
539.33,565.43,1264,1057
543.14,575.22,1264,558.43
539.49,565.08,1265,1008.4
539.51,565.24,1266,1202.4
551.01,580.55,1266,520.26
528.12,562.02,1267,605.19
539.38,565.3,1267,720.91
528.33,562.16,1268,602.36
539.49,565.09,1268,1216.2
539.58,565.18,1269,1377.5
528.06,561.89,1270,804.71
539.37,565.26,1270,1176.5
528.28,562.03,1271,522.02
539.3,565.31,1271,651.22
528.27,561.67,1272,576.48
539.53,565.09,1272,1226.2
528.78,561.6,1273,542.84
539.55,565.15,1273,850.06
539.49,565.17,1274,1149.6
539.28,565.29,1275,639.69
528.74,561.61,1276,509.18
539.68,565.36,1276,1088.4
528.41,561.88,1277,579.1
539.76,565.37,1277,1152.8
528.76,561.59,1278,523.92
539.75,565.53,1278,1103.5
539.61,565.35,1279,1153.9
539.58,565.53,1280,1095.8
528.58,561.62,1281,588.74
539.21,565.28,1281,1095.9
539.3,565.38,1282,1481.7
539.02,565.56,1283,1214.6
547.48,578.75,1283,719.26
539.53,564.93,1284,1135.4
534.1,561.94,1285,604.14
539.47,564.96,1285,1160.9
534.15,561.75,1286,621.13
539.08,565.34,1286,1100.2
533.91,561.85,1287,586.65
539.12,564.96,1287,900.01
534.63,561.82,1288,686.7
539.38,565.27,1288,915.17
551.21,580.3,1288,522.27
528.18,562.03,1289,520.2
539.28,565.3,1289,838.08
551.57,579.99,1289,508.64
534.17,562.09,1290,675.45
539.29,565,1290,869.12
533.48,562.09,1291,548.33
539.38,565.24,1291,995.87
528.28,562.17,1292,568.56
539.39,565.09,1292,991.74
539.3,565.32,1293,874.9
528.14,562.32,1294,579.44
539.56,565.31,1294,1023.8
539.32,565.25,1295,963.39
537.9,567.59,1295,517.76
528.94,561.18,1296,610.59
539.11,565.47,1296,875.33
552.01,579.2,1296,578.09
528.09,561.48,1297,636.71
539.03,565.76,1297,917.08
551.97,579.46,1297,589.05
529.32,564.2,1298,1293.4
539.47,565.29,1298,874.17
551.98,579.76,1298,668.02
529.06,564.08,1299,750.8
539.56,565.48,1299,890.57
552.37,579.04,1299,708.72
529.18,564.26,1300,733.51
539.5,565.31,1300,1147.9
552.01,579.65,1300,668.61
529.09,563.92,1301,763.54
539.02,565.05,1301,1009.1
551.79,580.11,1301,644.57
529.09,564.06,1302,836.89
539.07,564.9,1302,1071.2
551.93,579.9,1302,677.94
538.84,565.22,1303,808.82
552.24,579.15,1303,585.2
529.48,561.28,1304,680.1
538.05,564.91,1304,726.59
552.53,578.86,1304,679.48
538.49,565.38,1305,652.02
551.78,579.45,1305,683.9
528.08,561.76,1306,618.51
538.1,565.12,1306,791.49
552.09,578.9,1306,729.19
528.32,561.88,1307,676.8
538.04,565.08,1307,798.12
552.08,579.23,1307,670.24
528.9,561.47,1308,691.46
538.37,564.78,1308,655.67
552.01,579.52,1308,597.5
552.14,579.15,1309,680.29
536.94,564.8,1310,503.41
552.08,579.48,1310,745.22
536.23,564.52,1311,568.37
551.94,579.25,1311,722.77
528.89,561.87,1312,520.98
535.87,564.62,1312,526.05
552.15,579.46,1312,686.33
529.46,561.34,1313,656.83
536,564.55,1313,656.42
552.3,579,1313,695.52
535.53,565.31,1314,890.26
529.12,561.74,1318,518.13
528.95,561.39,1319,670.95
528.44,561.37,1325,638.61
529.21,561.41,1328,560.12
529.13,561.64,1329,531.8
529.22,561.56,1332,542.72
551.55,580,1335,564.06
551.56,580.23,1338,598.45
528.1,561.76,1339,526.29
528.28,562.09,1341,528.34
528.98,561.86,1342,672.74
529.25,561.42,1343,514.31
528.21,561.44,1347,605.63
528.89,561.76,1348,547.23
528.86,561.52,1350,502.86
528.68,561.41,1352,588.46
528.24,561.89,1353,563.96
551.7,579.82,1354,504.92
528.47,562.37,1357,538.39
528.2,561.97,1361,515.62
551.04,580.98,1361,547.4
528.2,561.78,1362,577.68
532.04,567.63,1362,763.41
550.52,581.83,1362,713.42
532.01,568.06,1363,689.69
550.48,581.68,1363,765.2
532.05,567.87,1364,766.68
550.75,581.34,1364,716.63
551.42,580.58,1365,992.14
551.87,579.95,1366,1125.1
529.28,561.29,1367,588.99
536.05,567.12,1367,586.87
552,579.34,1367,1068
552.25,579.36,1368,1119.8
551.84,579.47,1369,742.46
528.81,561.57,1370,593.96
536,567.04,1370,530.85
539.35,567.28,1371,739.5
538.18,567.04,1372,630.7
528.99,561.84,1373,547.17
536.32,567.19,1373,551.6
528.64,561.47,1374,588.22
536.04,566.83,1374,524.04
535.96,566.83,1375,615.56
528.18,561.79,1376,582.56
528.58,561.67,1377,591.31
535.97,567.07,1378,508
528.78,561.68,1381,582.9
535.91,567.35,1381,509.85
539.2,572.77,1381,3062.8
529.31,561.86,1382,562.83
536.21,567.06,1382,640.74
551.85,574.79,1382,656.7
536.26,567.31,1383,752.84
552.08,574.98,1385,528.41
539.17,567.74,1392,843.18
538.04,567.07,1393,509.54
537.19,567.28,1394,524.67
543.85,569.47,1394,563.87
543.99,569.01,1395,630.93
528.7,561.87,1396,885.54
543.87,569.87,1396,524.06
528.59,561.67,1397,734.12
528.8,561.47,1398,546.42
538.66,566.33,1398,564.12
529.23,561.98,1399,542.95
543.81,568.92,1399,633.69
543.5,569.03,1400,626.94
544.52,569.34,1401,907.73
528.2,561.75,1404,556.45
538.54,567.04,1409,513.03
537.71,566.96,1414,689.77
529.16,561.61,1415,513.51
529.86,561.84,1416,608.11
540.98,568.28,1416,980.98
529.96,561.8,1417,664.13
541.12,568.12,1417,870.89
530.4,561.66,1418,785.18
541.18,568.5,1418,675.69
529.69,561.58,1419,674.6
541.03,568.41,1419,1097.6
529.98,562.09,1420,835.74
541.04,568.18,1420,842
530.03,561.97,1421,745.95
541.07,568.38,1421,1114.8
530.03,562.09,1422,791.74
541.19,568.32,1422,1096.8
529.96,561.93,1423,665.8
540.98,568.5,1423,1057.3
530.01,562.21,1424,823.71
540.72,568.79,1424,651.74
530.14,562.19,1425,621.99
540.95,568.76,1425,739.17
530.09,561.98,1426,503.31
530.5,565.84,1426,641
540.72,568.55,1426,800.46
530.57,562.18,1427,788.31
540.43,569,1427,822.13
536.75,567.31,1428,554.81
529.92,562.92,1429,606.33
536.42,567.5,1429,1533.8
536.8,567.5,1430,1071.8
529.81,561.93,1431,624.5
536.96,567.46,1431,1097.6
540.84,568.38,1432,801.31
540.72,568.69,1433,665.82
551.56,579.83,1436,529.92
534.39,569.5,1442,1155.2
534.63,569.33,1443,908.82
528.71,561.22,1444,637.64
529.36,561.53,1445,540.08
534.16,568.81,1445,809.04
530.62,561.24,1446,612.13
534.1,569.06,1446,949.29
534.43,569.32,1447,1070.7
534.66,569.41,1448,959.2
537.67,565.98,1452,621.87
537.61,565.76,1453,831.84
538.1,565.78,1454,782.7
551.49,578.89,1454,831.12
537.92,565.86,1455,754.08
551.2,578.9,1455,835.1
537.34,566.2,1456,622.91
551.35,578.79,1456,738.95
528.67,561.4,1457,525.4
551.11,579.1,1457,908.6
551.39,578.81,1458,771.16
551.34,578.81,1459,973.6
551.56,578.73,1460,915.68
551.17,579.17,1461,583.48
530.98,561.46,1476,820.86
530.61,561.79,1477,663.75
530.84,561.56,1478,644.28
531.41,561.67,1479,790.52
530.98,561.4,1480,849.74
551.57,580.02,1487,544.37
551.92,579.57,1488,504.59
528.14,560.48,1490,1468.7
527.71,561.26,1491,609.2
530.57,561.74,1492,637.24
530.08,562.16,1493,745.45
530.03,561.99,1494,714.3
530.62,562.07,1495,734.08
530.49,562.53,1496,600.48
530.18,562.18,1497,797.75
530.19,562.24,1498,1182
529.92,562.21,1499,792.79
551.8,579.74,1503,561.64
552.09,580.27,1505,770.71
551.79,579.95,1506,722.63
552.03,580.38,1507,677.24
551.57,580.31,1508,829.47
551.99,580.24,1509,615.34
544.85,574.26,1516,568.39
551.78,579.77,1522,597.6
545.24,574.27,1524,546.19
528.26,561.99,1528,508.75
551.62,579.68,1533,500.65
527.25,562.68,1539,657.05
527,563.13,1540,860.66
526.63,563.07,1541,812.26
526.39,563.19,1542,1392.2
526.32,563.27,1543,1054.2
526.48,563.36,1544,1291.8
526.81,562.87,1545,988.88
526.66,563.14,1546,1212.8
526.76,563.25,1547,1214.7
526.9,563.13,1548,967.5
526.76,563.01,1549,924.19
526.64,563.15,1550,1335.4
526.59,563.09,1551,814.41
550.82,573.95,1552,528.46
551.71,579.66,1552,509.11
551.19,574.15,1554,603.73
544.39,576.34,1563,502.13
528.91,561.36,1568,517.86
542.66,570.3,1601,977.59
542.67,570.02,1602,892.45
543.1,569.63,1603,669.47
550.51,580.74,1632,840.19
550.45,580.59,1633,628.88
529.11,564.25,1637,551.99
548.31,579.01,1637,565.16
550.89,579.03,1637,747.36
550.35,579.05,1638,544.77
541.05,568.14,1639,1143
550.7,578.91,1639,680.97
541.46,568.32,1640,1168.1
541.23,568.06,1641,1078
550.1,579.26,1641,713.78
541.26,568.04,1642,1395.9
550.61,579.1,1642,826.35
541.06,568.18,1643,1106
541.09,567.95,1644,1012
541.17,568.06,1645,1162.6
541.14,568.07,1646,1247.6
541.01,568.05,1647,883.45
540.96,568.2,1648,915.01
541.34,568.08,1649,1164.8
541.23,567.88,1650,1410
541.16,567.96,1651,1170.8
541.51,568.49,1652,1138.7
541.27,568.01,1653,1062.8
541,568.03,1654,998.84
541.11,568.07,1656,821.35
541.14,568,1657,1107.5
541.14,568.1,1658,1158.8
550.75,580.33,1658,585.54
541.02,568,1659,1176.3
550.3,581.03,1659,780.09
541.27,568.18,1660,1305.8
550.54,580.94,1660,920.24
541.3,568.22,1661,1127.8
550.45,581.2,1661,835.61
541.02,568.57,1662,789.81
550.21,581.03,1662,762.03
540.96,568.31,1663,939.05
550.45,581.09,1663,769.74
541.24,568,1664,1028.8
550.45,580.97,1664,810.91
541.04,568.11,1665,1068.2
550.43,581.16,1665,956.22
541.11,568.05,1666,1029.4
550.49,581.04,1666,856.96
550.11,581.05,1667,711.69
550.36,581.25,1668,778.47
550.73,580.82,1669,720.29
550.38,581.15,1670,769.24
536.34,562.5,1681,880.83
543.74,570,1690,640.13
543.44,570.14,1691,955.14
543.56,569.94,1692,1255.4
543.76,569.89,1693,1197.7
543.66,569.7,1694,1060.8
543.53,569.98,1695,1099.9
543.44,570.3,1696,807.31
546.63,570.81,1706,618.99
546.06,570.82,1707,582.53
546.3,571.03,1708,691.13
552.42,580.36,1714,549.83
552.39,580.62,1715,750.14
529.03,560.97,1716,1123.3
552.53,580.28,1716,552.46
529.02,560.84,1717,1016
529.36,561.43,1718,854.13
529.74,561.65,1719,801.26
529.66,561.52,1720,872.65
530.51,561.89,1721,830.05
527.92,561.87,1722,1151.1
528.31,562.39,1723,734.35
528.18,561.27,1724,755.06
546.18,577.48,1780,885.82
546.13,577.01,1781,738.15
546.16,577.38,1784,531.82
526.62,562.81,1791,638.54
526.39,562.45,1792,835.63
526.38,563.08,1793,971.05
552.04,578.83,1803,747.94
551.95,578.86,1804,869.58
551.91,579.14,1805,741.64
551.94,579.13,1806,829.98
552.09,578.83,1807,934.95
551.74,579.25,1808,753.05
552.07,579.1,1809,880.19
532.44,559.48,1815,534.93
545.29,568.33,1816,535.09
532.19,559.43,1818,523.53
532,559.51,1822,698.07
532.02,559.42,1823,890.28
526.99,560.85,1823,618.72
532.16,559.94,1824,576.84
527.09,561.07,1832,639.76
526.85,561.05,1834,634.06
527.68,561.24,1835,516.45
526.61,561.22,1836,599.21
526.9,561.4,1837,545.06
526.56,561.55,1838,581.62
527.16,561.15,1839,551.86
527.09,561.07,1840,664.15
528,561.17,1841,523.01
527.19,561.22,1844,621.9
527.41,561.25,1845,668.39
527.41,561.33,1846,653.5
527.19,560.72,1847,634.19
527.31,561.5,1849,553.55
539.51,572.27,1853,509.62
538.73,571.27,1854,735.67
527.23,561.31,1855,551.55
538.85,571.29,1855,718.78
538.3,571.31,1856,783.44
538.78,570.81,1857,578.83
527.43,561.19,1858,628.9
538.59,571.03,1858,610.51
526.49,560.98,1859,694.14
538.59,570.87,1859,828.59
538.41,571.24,1860,688.41
537.57,564.41,1861,502.05
538.46,570.75,1861,574.05
527.34,560.93,1866,578.65
527.37,560.67,1867,511.56
527.15,561.23,1869,611.84
527.88,560.99,1871,522.68
552.36,578.64,1873,519.79
527.39,561.51,1874,544.04
552.09,578.83,1874,635.82
527.67,561.06,1875,510.98
551.57,579.43,1875,608.56
545.17,576.26,1878,880.06
552.39,579.03,1878,609.76
552.19,579.03,1879,523.32
527.07,561.53,1880,520.56
552.53,578.6,1880,769.76
552.03,578.92,1881,703.87
552.22,578.9,1882,829.4
552.02,578.83,1883,699.03
547.33,578.35,1884,597.84
551.72,578.8,1884,788.43
546.86,577.95,1885,736.43
551.97,578.81,1885,760.5
546.89,578.04,1886,664.65
551.92,578.74,1886,654.98
546.63,578.15,1887,775.63
546.7,578.27,1888,538.75
526.93,561.11,1889,536.43
546.9,578.08,1889,678.99
546.8,578.28,1890,712.23
546.85,577.99,1891,706.39
547.02,578.77,1892,826.35
546.87,578.49,1893,629.61
547.01,578.19,1894,638.78
546.96,578.36,1895,575.45
547.14,578.44,1896,611.71
547.15,578.55,1897,691.11
547.23,578.55,1898,583.28
547.32,578.67,1899,640.74
547.45,578.48,1900,705.31
547.14,578.36,1901,798.36
547.47,578.55,1902,737.51
547.09,578.46,1903,529.62
547.21,578.58,1904,1196.3
527.35,560.72,1905,519.28
547.46,578.58,1905,1366.8
547.7,578.5,1906,896.16
547.48,578.81,1907,669.01
551.48,578.62,1907,531.77
547.29,578.77,1909,679.58
528.19,560.6,1910,520.59
541.82,568.33,1910,702.18
547.38,578.25,1910,580.87
541.9,568.18,1911,667.17
547.49,578.23,1911,593.76
541.98,568.21,1912,791.74
546.87,578.53,1912,629.92
542.43,567.89,1913,504.8
550.11,580.73,1914,656.24
547.18,578.55,1915,594.1
550.52,580.47,1915,713.06
541.86,568.1,1916,663.52
547.92,578.47,1916,673.7
541.99,567.97,1917,622
550.15,580.9,1917,709.47
542.73,568.79,1919,636.75
547.22,578.53,1920,743.47
547.34,577.81,1921,954.79
547.58,577.92,1922,897.41
547.95,578.04,1923,740.5
548.04,577.87,1924,1014.8
547.88,577.76,1925,969.99
548.01,577.91,1926,898.51
548.1,577.93,1927,787.38
547.81,578.08,1929,725.98
548.05,577.9,1930,808.11
547.83,578.04,1931,750.72
548.08,578.17,1932,775.76
547.5,578.13,1933,605.45
546.86,578.1,1934,581.33
546.95,578.4,1936,533.97
546.94,578.19,1937,591.19
546.92,578.21,1939,618.98
546.63,577.75,1940,504.84
546.9,578.58,1941,698.65
547.25,578.7,1942,662.23
547.1,578.62,1944,641.94
527.49,560.56,1945,524.45
526.32,561.18,1946,504.56
542.56,569.62,1946,1172.3
550.07,580.44,1946,685.97
542.45,569.55,1947,1523.1
542.45,569.37,1948,1614.3
542.57,569.36,1949,1959.4
529.6,561.19,1950,1174.1
542.22,569.58,1950,1531.2
529.43,561.08,1951,1311.8
542.56,569.34,1951,1871.2
529.74,561.07,1952,863.82
542.35,569.53,1952,1559.9
551.18,572.62,1952,1298.6
542.44,569.54,1953,1450.7
542.64,569.48,1954,1750.2
542.62,569.6,1955,1377.2
550.59,573.09,1955,607.7
542.57,569.47,1956,1450.3
551.09,573.07,1956,576.72
547.12,578.21,1956,502.07
542.47,569.53,1957,1159.3
542.55,569.53,1958,1318.4
546.93,578,1958,566.7
542.57,569.47,1959,1473.2
547.31,577.82,1959,623.84
542.4,569.54,1960,1315.7
527.4,561.18,1961,516.09
542.49,569.38,1961,1273
546.86,578.07,1961,650.06
547.38,577.95,1962,508.04
542.77,569.37,1963,1430.1
527.15,560.67,1965,518.19
527.3,560.29,1968,513.8
550.84,577.92,1968,582.28
548.36,578.72,1969,732.87
539.7,571.56,1971,508.21
539.91,572.19,1972,570.21
540.45,571.91,1973,722.35
539.99,571.94,1974,719.71
547.48,578.52,1974,557.44
540.08,571.93,1975,721.05
540.4,571.86,1976,812.34
539.92,571.97,1977,658.71
540.22,571.79,1978,792.25
539.98,571.79,1979,591.51
536.7,568.46,1982,701.76
536.62,568.27,1983,730.52
536.68,568.39,1984,762.96
536.65,568.22,1985,806.53
536.6,568.48,1986,711.6
536.6,568.45,1987,607.7
536.83,568.57,1988,853.58
536.65,568.32,1989,698.89
546.5,578.28,1989,799.42
526.49,561.35,1990,645.01
536.59,568.13,1990,721.78
546.58,578.36,1990,1076.6
536.64,568.26,1991,633.5
546.53,578.21,1991,974.28
546.54,578.28,1992,1161
546.48,578.33,1993,1267.1
546.38,578.4,1994,1475.5
546.67,578.27,1995,981.67
527,560.85,1996,564.18
546.56,578.32,1996,1098.1
546.49,578.41,1997,1138.8
546.31,578.25,1998,1520
546.17,578.28,1999,1851.9
546.09,578.17,2000,1738.8
545.73,577.66,2001,970.49
545.64,577.35,2002,899.88
545.74,577.39,2003,755.67
545.81,577.23,2004,848.02
545.45,577.6,2005,941.91
545.7,577.52,2006,933.1
545.43,577.48,2007,856.16
545.39,577.46,2008,772.5
545.38,577.65,2009,944.27
531.56,566.95,2010,639.16
545.67,577.7,2010,788.85
531.37,566.93,2011,898.34
545.48,577.35,2011,681.1
545.3,576.72,2012,973.66
545.05,576.21,2013,897.09
545.46,575.85,2014,869.33
545.27,575.76,2015,898.29
545.25,575.84,2016,714.35
545.35,575.78,2017,764.78
545.62,575.57,2018,538.93
539.62,566.58,2020,771.42
528.13,560.34,2037,617.92
527.75,560.88,2038,549.01
527.42,560.21,2042,631.55
541.86,572.74,2046,620.74
541.57,572.21,2047,588.23
528.81,559.96,2048,541.9
542.3,572.59,2048,588.03
541.91,569.69,2050,668.94
542.07,569.18,2051,666.77
528.44,560.37,2053,559.48
527.95,560.45,2056,514.42
528.48,560.55,2057,542.69
527.61,560.79,2058,510.21
527.77,560.53,2059,755.76
527.51,560.35,2065,638.59
527.66,560.59,2066,562.65
527.54,560.35,2069,654.97
533.5,567.18,2079,516.69
551.59,573.31,2081,570.13
528.24,560.06,2082,530.51
528.32,560.04,2084,507.12
528.54,560.35,2085,581.89
528.54,560.48,2087,512.01
551.78,573.19,2087,562.08
535.96,565.14,2088,635.64
536.03,564.88,2090,553.47
551.69,572.75,2090,506.4
528.26,560.39,2091,525.43
536.15,565.55,2092,557.62
527.78,560.33,2094,539.71
527.69,560.29,2096,584.02
528.58,559.83,2100,516.01
527.75,560.58,2103,623.72
527.76,560,2104,597.89
527.89,560.07,2105,530.23
527.3,560.69,2107,663
528.39,560.22,2108,603.88
527.74,560.4,2113,534.46
527.97,559.93,2114,523.94
527.97,560.11,2115,559.09
538.41,570.82,2115,668.21
527.64,559.89,2116,524.71
538.53,570.59,2116,575.07
528.56,559.66,2117,530.36
552.1,573.08,2119,823.15
552.07,573.02,2120,789.04
552.33,572.75,2121,807.85
552.22,572.91,2122,960.45
551.9,572.48,2123,674.02
527.97,560.21,2125,580.74
539.12,570.1,2125,705.49
527.5,560.14,2128,507.27
527.68,560.39,2129,603.49
539.86,572.91,2130,1020.9
528.11,559.87,2131,628.21
536.49,561.88,2132,861.06
536.6,561.51,2133,792.07
546.31,570.29,2133,551.14
528.34,559.98,2134,557.54
536.36,561.9,2134,747.64
536.24,562.26,2135,531.3
547.17,577.94,2137,609.73
527.93,560.51,2141,532.85
527.73,560.24,2143,557.81
527.98,560.2,2143,560.38
527.66,560.05,2144,515.1
527.98,560.24,2145,537.59
528.1,560.17,2147,542.61
553.99,576.8,2147,655.44
553.84,576.5,2148,608.27
527.38,560.67,2149,595.22
544.88,568.24,2149,665.62
528.24,560.21,2150,561.23
545.46,568.16,2150,578.2
554.14,576.38,2151,702.33
527.24,560.06,2152,574.7
553.96,576.59,2152,761.59
553.57,576.77,2153,554.99
554.19,576.42,2154,588.49
553.78,576.91,2155,552.2
528.11,559.95,2156,532.44
527.92,560.07,2158,533.21
527.27,560.3,2161,533.33
527.46,559.89,2162,548.79
528.27,559.72,2163,522.8
542.21,569.96,2163,711.75
528.22,559.92,2164,634.54
542.58,569.87,2164,829.52
542.46,569.86,2165,761.03
542.6,570.09,2166,621.05
542.34,570.03,2167,1033.9
544.25,574.22,2170,555.63
548.91,580.36,2170,628.16
548.76,580.53,2171,842.25
527.37,560.31,2173,713.92
549.61,572.16,2173,697.59
527.51,560.47,2174,529.45
540.42,564.32,2174,551.48
549.66,572.23,2174,678.44
528.18,560.17,2176,537.08
549.34,572.4,2176,537.31
527.5,560.2,2177,508.71
549.17,572.01,2177,642.79
549.39,572.16,2178,585
549.52,572.18,2179,673.09
528.26,559.93,2180,504.55
549.37,572.25,2180,591.64
548.73,572.47,2181,545.73
549.26,572.01,2182,628.23
528.6,559.54,2183,509.68
528.12,560.01,2190,579.84
527.38,560.39,2191,643.59
552.5,578.55,2191,821.29
527.37,560.25,2192,599.52
553.08,578.27,2192,852.16
552.94,578.35,2193,739.17
552.95,578.46,2194,665.28
553.16,578.05,2195,657.97
553.08,578.47,2196,587.15
527.8,560.07,2197,606.38
553.29,578.23,2197,688.04
552.72,578.8,2198,618.09
527.88,560.37,2199,591.29
552.93,578.21,2200,781.08
552.76,578.13,2201,626.15
533.01,567.12,2202,807.39
553.05,578.33,2202,557.36
528.44,560.47,2205,550.07
542.26,571.89,2207,546.1
527.52,560.23,2208,531.05
527.7,560.3,2209,511.78
544.98,571.17,2209,505.46
544.74,570.8,2210,561.32
544.79,570.83,2212,648.26
528.23,560.22,2214,512.43
527.59,560.61,2215,520.03
544.64,571.18,2215,520.14
527.67,560.01,2221,514.6
538.36,568.48,2223,715.03
544.06,571.81,2223,573.8
538.17,568.44,2224,528.58
544.17,571.54,2224,636.96
538.04,568.94,2225,668.63
537.84,568.55,2226,592.48
538.1,568.7,2227,725.19
538.56,568.61,2228,766.8
550.18,580.3,2228,949.05
538.44,568.63,2229,617.7
550.03,580.23,2229,1118.5
549.8,580.21,2230,1056.2
549.97,580.17,2231,1095.7
549.93,580.21,2232,1140.9
527.53,560.69,2233,529.69
550.38,579.7,2233,527.91
528.38,559.74,2234,557.14
550.12,580.06,2234,924.87
536.37,561.73,2235,759.4
537.17,569.26,2235,546.84
550.09,580.12,2235,1024
550.13,580.08,2236,1013.8
528.39,560.22,2237,550.47
550.08,580.3,2237,913.97
537.7,568.48,2238,519.12
550.03,580.11,2238,918.66
538.13,568.9,2239,590.04
550.13,580,2239,965.14
549.89,579.94,2240,1120.7
550.34,580.13,2241,973.28
527.86,559.98,2242,576.81
549.88,580.16,2242,941.82
528.57,560.42,2243,547.61
550.15,579.98,2243,910.09
549.88,580.04,2244,904.98
550.13,580.1,2245,819.98
550.26,579.82,2246,722.04
527.92,559.93,2247,549.82
550.1,579.92,2247,902.41
528.13,560.04,2248,547.13
550.09,579.96,2248,918.51
550.09,579.94,2249,879.38
528.36,559.47,2250,676.3
549.83,580.06,2250,902
549.9,579.95,2251,1046.6
528.59,559.95,2252,512.43
550.12,580.09,2252,935.34
528.05,559.83,2253,506.57
527.97,560.42,2253,531.63
550.15,580.11,2253,962.57
550.28,580.18,2254,951.5
528.59,560.09,2255,615.32
550,579.88,2255,706.59
528.28,560.59,2256,606.52
552.64,578.88,2256,595.71
528.55,559.81,2257,509.8
552.84,578.84,2257,819.81
552.84,578.74,2258,698.33
548.54,574.72,2259,730.09
552.64,578.59,2259,619.74
548.52,574.6,2260,729.02
552.33,578.73,2260,676.39
548.28,575.03,2261,1005.2
527.57,560.18,2262,552.28
548.41,574.87,2262,1136.6
548.21,574.84,2263,1124.8
528.2,560.63,2264,561.42
548.26,575.01,2264,1132.2
548.17,574.91,2265,1282.5
548.85,574.5,2266,1016.2
548.33,574.74,2267,903.72
548.42,574.76,2268,740.2
548.37,575.15,2269,932.97
548.17,574.92,2270,835.59
548.2,574.9,2271,783.32
548.43,574.79,2272,920.09
528.73,560.06,2273,569.15
548.12,574.82,2273,686.02
548.03,575.16,2274,845.68
548.54,574.7,2275,564.02
527.47,559.87,2276,511.57
548.28,574.99,2276,574.18
548.04,575.1,2277,722.08
548.25,575.23,2278,739.1
548.22,575.36,2279,639.99
549.37,580.01,2279,714.84
548.23,575.23,2280,688.3
549.26,580.22,2280,800.86
548.09,575.15,2281,877
548.67,575.01,2282,611.93
549.28,580.39,2282,637.74
548,574.85,2283,806.8
548.27,575.2,2284,671.09
542,571.68,2285,635.4
547.99,575.06,2285,537.65
549.21,580.18,2285,610.46
528.09,560.4,2286,528.51
542.35,571.67,2286,740.66
548.17,574.98,2286,635.59
549.19,580.39,2286,568.53
528.15,560.29,2287,529.55
542.31,571.74,2287,667.14
548.36,574.51,2287,551.29
549.42,580.1,2287,723.55
528.72,560,2288,537.56
542.43,571.46,2288,572.26
548.18,574.94,2288,658.14
549.45,580.16,2288,595.53
542.13,571.65,2289,784.3
542.28,572.03,2290,654.75
548.59,574.84,2290,565.18
542.07,571.99,2291,759.59
548.57,574.75,2291,618.08
542.05,571.77,2292,732.62
548.49,575.84,2292,896.72
542.04,571.72,2293,714.37
549.13,576.27,2293,590.69
541.89,571.74,2294,760.36
548.27,574.83,2294,640.75
541.92,571.63,2295,703.15
542.18,571.73,2296,692.29
542.13,571.53,2297,545.45
547.82,574.9,2297,537.35
542.15,571.51,2298,619.99
527.3,560.21,2299,681.24
542.25,571.85,2299,536.71
548.65,574.93,2299,659.93
542.07,571.96,2300,585.2
547.85,575.01,2300,577.26
541.84,571.74,2301,717.44
535.13,560.67,2302,605.35
542.17,572.03,2302,773.09
535.32,560.42,2303,678.21
528.12,560.55,2303,545.41
542.22,571.75,2303,765.61
535.08,560.56,2304,588.14
544.19,568.16,2304,734.75
542.13,571.32,2304,636.78
544.48,567.74,2305,701.4
542.02,571.58,2305,814.51
548.29,574.64,2305,560.31
544.49,568.12,2306,675.76
541.95,571.82,2306,652.27
548.19,574.56,2306,502.79
544.41,567.91,2307,775.79
542.09,571.77,2307,651.09
548.37,574.77,2307,571.72
544.48,567.78,2308,521.35
542.34,571.72,2308,742.19
547.9,574.63,2308,526.3
544.51,568.22,2309,762.14
542.22,571.57,2309,658.37
544.56,568.13,2310,678.24
542.19,571.75,2310,594.8
544.37,568.19,2311,657.36
542.03,572,2311,692.83
544.56,567.97,2312,690.88
536.31,562.75,2313,551.22
542.04,571.88,2313,699.31
536.28,562.85,2314,727.96
542.22,571.66,2314,669.98
535.93,563.19,2315,663.28
542.3,571.61,2315,552.23
548.13,574.55,2315,640.43
542.17,571.94,2316,648.35
547.82,574.43,2316,681.72
541.87,571.96,2317,678.17
548.16,574.59,2317,643.35
535.89,563.12,2318,826.79
541.86,571.89,2318,599.07
548,574.79,2318,653.41
536.05,563.16,2319,821.67
533.34,566.52,2319,741.99
541.94,571.88,2319,703.56
548.54,574.61,2319,544.1
542.04,571.65,2320,771.46
548.38,574.4,2320,539.62
536.03,562.84,2321,588.94
541.81,571.86,2321,682.02
548.6,574.51,2321,701.36
535.59,562.96,2322,902.51
542.16,571.67,2322,596.37
535.72,563.5,2323,633.97
541.8,571.72,2323,716.63
535.57,563.09,2324,699.24
542.02,571.92,2324,747.72
548.1,574.7,2324,749.19
542.08,571.79,2325,730.89
548.52,574.67,2325,644.89
541.73,571.81,2326,729.32
548.53,574.5,2326,598.67
541.93,571.96,2327,648.61
548.24,574.53,2327,584.77
535.69,563.17,2328,824.41
542.15,571.71,2328,867.78
548.62,574.52,2328,703.68
542.59,571.5,2329,567.24
548.47,574.91,2329,769.26
542.03,571.88,2330,516.86
548.19,574.7,2330,514.46
541.75,571.85,2331,654.83
541.42,572.12,2332,842.42
548.45,574.22,2332,580.37
527.65,560.02,2333,502.53
542.21,571.96,2333,741.59
548.29,574.62,2333,623.47
542.09,571.79,2334,768.75
548.34,574.42,2334,559.54
541.74,571.65,2335,514.94
548.98,574.35,2335,683.88
542.01,571.58,2336,606.19
548.47,574.62,2336,631.04
542.25,571.54,2337,539.71
542.24,571.65,2338,614.54
548.39,574.42,2338,573.05
542.5,571.15,2339,615.1
548.32,574.31,2339,605.83
542.21,571.86,2342,565.49
528.3,562.61,2343,598.83
528.28,562.82,2343,602.87
542.02,571.86,2343,775.72
547.64,574.56,2343,541.48
527.35,560.31,2344,545.31
542.05,571.88,2344,868.13
548.27,574.84,2344,571.82
548.68,574.34,2345,590.44
548.32,575.08,2346,605.23
548.7,574.66,2347,538.53
548.46,574.75,2348,602.1
548.62,574.81,2349,871.43
548.43,574.71,2350,700.9
548.49,574.64,2351,668.2
547.91,574.97,2352,604.95
548.49,575.03,2353,728.85
528.09,559.33,2354,502.96
548.55,574.46,2354,580.43
548.56,574.89,2355,545.01
548.65,574.67,2356,677.79
548.26,574.43,2357,551.77
548.52,574.67,2358,617.94
547.99,574.73,2359,646.76
548.23,574.96,2360,698.16
528.2,559.93,2361,588.26
548.76,574.6,2361,713.45
548.21,574.87,2362,754.67
548.4,574.77,2363,553.9
548.25,574.83,2364,643.99
548.22,574.91,2365,535.17
548.12,574.92,2366,604.04
527.48,559.48,2367,529.16
548.48,574.7,2367,545.34
527.45,560.03,2368,607.95
548.53,574.51,2368,594.15
548.37,575.01,2369,552.82
548.22,574.89,2370,658.32
534,562.33,2371,543.79
548.33,574.52,2371,850
548.34,574.72,2372,658.05
548.5,574.87,2373,576.85
548.55,574.83,2374,657.88
547.99,574.94,2375,533.87
548.09,574.94,2376,567.83
548.54,574.77,2377,546.92
548.48,574.64,2378,706.82
548.57,574.58,2379,1067.6
531.3,566.21,2380,710.14
548.57,574.56,2380,639.46
548.35,574.91,2381,577.59
550.5,578.82,2382,577.5
549.85,578.98,2383,589.09
548.25,575.36,2384,703.48
548.13,574.97,2385,617.69
548.13,575,2387,767.83
547.97,574.87,2388,788.51
528.04,560.14,2389,508.78
548.11,574.52,2389,741.37
548.18,574.5,2390,788.13
548.02,574.86,2391,832.79
527.86,559.81,2392,578.42
548.17,574.63,2392,918.06
527.21,560.2,2393,556.09
548.17,574.73,2393,743.89
548.19,574.72,2394,993.85
527.78,559.78,2395,594.7
548.42,574.71,2395,855.17
528.2,559.33,2396,543.85
541.61,565.09,2396,725.45
548.56,574.51,2396,662.91
527.52,559.58,2397,555.02
548.93,574.34,2397,719.51
548.49,574.87,2398,1036.4
548.5,574.86,2399,1195.6
527.93,559.83,2400,621.81
548.12,574.96,2400,1230.3
548.47,575.05,2401,1065.6
527.94,559.65,2402,626.97
548.61,575.14,2402,628.02
527.49,559.54,2403,632.37
548.37,575.06,2403,975.41
548.49,574.86,2404,1003.2
527.85,559.52,2405,548.59
548.42,575.11,2405,853.24
527.64,559.9,2406,620.5
548.47,575.06,2406,1017
530.94,558.39,2407,709.77
548.42,575.03,2407,1281.4
548.72,574.82,2408,904.99
548.47,574.75,2409,1010.8
548.44,574.55,2411,717.17
548.6,574.62,2412,708.41
548.12,574.25,2414,571.35
527.87,559.54,2415,527.28
548.59,574.39,2415,624.53
543.68,567.75,2416,530.71
548.25,574.68,2416,649.34
543.85,567.47,2417,609.02
548.65,574.48,2417,737.31
548.29,574.58,2419,787.98
526.94,560.35,2420,503.04
548.22,574.08,2420,709.21
527.77,559.85,2421,500.33
548.27,574.51,2421,815.95
548.4,574.45,2422,788.33
548.28,574.64,2424,535.91
548.41,573.79,2425,585.17
526.98,559.84,2426,526.51
527.14,560.04,2427,601.36
547.97,574.62,2427,815.95
548.6,574.68,2429,658.86
548.2,574.49,2430,678.4
527.26,559.86,2432,617.57
548.59,574.65,2432,628.14
548.5,574.59,2433,780.24
527.75,559.62,2434,561.33
548.42,574.65,2434,660.44
527.54,559.82,2436,559.5
548.24,574.88,2436,724.98
527.54,559.93,2437,643.07
548.94,574.1,2437,506.13
541.97,569.06,2438,673.11
548.89,573.8,2438,1027.4
527.32,559.46,2439,589.78
548.63,573.84,2439,991.07
527.67,559.4,2440,674.43
548.85,573.84,2440,963.83
548.71,574.42,2441,720.35
527.3,559.75,2442,680.3
548.59,574.63,2442,711.2
527.69,559.76,2443,670.69
548.31,574.65,2443,886.23
527.51,559.74,2444,591.99
548.62,574.39,2444,598.37
548.68,574.51,2446,632.8
528.14,559.62,2447,550.65
548.6,574.79,2447,545.77
527.68,559.86,2448,687.94
548.36,574.48,2448,709.89
527.57,560.29,2449,1267.3
548.03,574.82,2449,906.1
527.86,560.31,2450,1340.9
548.3,574.56,2450,534.36
527.9,560.04,2451,1233.1
548.02,574.89,2451,776.11
527.69,560.03,2452,1171.5
548.41,574.45,2452,751.7
527.8,560.01,2453,959.51
548.25,574.42,2453,723.94
527.36,559.7,2454,669.7
548.61,574.68,2454,800.34
527.43,559.61,2455,663.38
548.56,574.52,2455,735.42
548.35,574.49,2456,586.26
548.47,574.65,2457,732.26
527.62,559.34,2458,668.65
548.36,574.84,2458,696.62
527.28,559.46,2459,766.17
543.47,567.2,2459,632.82
548.29,574.37,2459,675.84
527.78,559.56,2460,593.55
543.35,567.22,2460,621.24
548.15,574.75,2461,732.19
527.92,559.8,2462,569.36
547.46,574.49,2462,827.23
527.02,560.24,2463,500.43
547.84,574.15,2463,876.8
527.65,559.5,2464,553.8
547.63,574.46,2464,981.64
541.29,571.46,2465,621.59
547.55,574.16,2465,1168.5
528.03,559.24,2466,725.03
540.37,571.44,2466,574.8
547.36,574.38,2466,954.33
527.09,560.1,2467,689.81
547.5,574.29,2467,1334.6
527.53,559.78,2468,542.23
547.39,574.61,2468,1117
547.69,574.37,2469,1015.8
528.96,559.36,2470,771.89
547.48,574.28,2470,987.18
529.16,558.99,2471,1060.7
547.81,574.35,2471,1005.2
529.24,559.12,2472,1049.1
547.48,574.3,2472,868.04
527.91,559.64,2473,708.93
547.8,574.94,2473,1277.5
547.92,575.02,2474,1133.1
527.68,559.78,2475,549.01
547.79,575.46,2475,1476.7
547.62,575.11,2476,890.87
548.19,577.08,2477,660.74
527.03,560.65,2478,526.26
527.9,559.78,2479,573.01
548.16,576.55,2479,1042.4
527.18,559.9,2480,657.6
547.98,575.89,2480,865.62
527.5,559.56,2481,541.57
548.44,576.88,2481,1107.6
548.99,577.3,2482,691.36
527.54,559.82,2483,540.64
548.56,577.22,2484,706.42
527.42,559.91,2485,683.82
548.52,577.44,2485,935.64
527.61,560.29,2486,504.76
548.72,577.24,2486,845.91
527.46,559.98,2487,583.15
548.42,577.27,2487,1234.2
548.47,577.45,2488,956.66
527.48,559.8,2489,595.81
548.73,577.23,2489,895.06
527.6,559.76,2490,544.96
548.64,577.4,2490,949.6
548.41,577.38,2491,1039.6
548.75,577.02,2492,1092.8
548.58,577.4,2493,1208.7
548.82,577.31,2494,935.14
527.65,559.64,2495,591.42
548.53,577.41,2496,784.11
540.76,570.4,2497,653.88
549.45,577.72,2497,572.81
540.9,570.61,2498,663.37
527.89,560.04,2500,504.48
